"","X","Disk","Score","ReleaseDate","ReleasePrice","CurrentDate","CurrentPrice","Quartile","AdjustedReleasePrice","AdjustedCurrentPrice"
"1",80,"OCZ-SOLID3",2542,2011-06-30,24.3,2011-06-30,24.3,"First Quartile",22.2384724090466,22.2384724090466
"2",61,"SAMSUNG MZ7TE128HMGR-000L1",2415,2014-06-30,15.99,2014-06-30,15.99,"First Quartile",13.9051275989549,13.9051275989549
"3",73,"KINGSTON SH103S3",3587,2014-03-31,29.99,2014-03-31,29.99,"First Quartile",26.0797233703975,26.0797233703975
"4",57,"SAMSUNG SSD PM871 M.2 2280 128GB",3022,2015-12-31,17.39,2015-12-31,17.39,"First Quartile",15.1044618219128,15.1044618219128
"5",252,"WDC WD40EZRZ",7055,2015-12-31,84,2015-12-31,84,"Second Quartile",72.960022601534,72.960022601534
"6",276,"Seagate ST4000NM0033",1235,2016-12-31,67,2016-12-31,67,"Second Quartile",57.4701794802486,57.4701794802486
"7",71,"SanDisk X300 2.5 7MM 128GB",3130,2016-12-31,26.19,2016-12-31,26.19,"First Quartile",22.4648358296673,22.4648358296673
"8",68,"SAMSUNG MZFLV128HCGR-000MV",3729,2016-09-30,26.95,2016-09-30,26.95,"First Quartile",23.1167363730254,23.1167363730254
"9",86,"Radeon R3 SSD R3SL120G",3719,2016-06-30,39.99,2016-06-30,39.99,"Second Quartile",34.3019772748529,34.3019772748529
"10",78,"THNSN5128GPUK TOSHIBA",6355,2017-09-30,59.99,2017-09-30,59.99,"Second Quartile",50.3840739563728,50.3840739563728
"11",77,"ADATA SU800 SSD 128GB",3221,2017-06-30,29.99,2017-06-30,29.99,"First Quartile",25.1878376054612,25.1878376054612
"12",259,"Seagate ST4000VX007",4568,2017-06-30,101.99,2017-06-30,101.99,"Third Quartile",85.6588048476489,85.6588048476489
"13",79,"ADATA SU700",2919,2017-12-31,22,2017-12-31,22,"First Quartile",18.4772399906685,18.4772399906685
"14",76,"KIOXIA (Toshiba) 128GB",5466,2018-09-30,48,2018-09-30,48,"First Quartile",39.3537467409786,39.3537467409786
"15",280,"WDC WD30EZRX",4081,2018-12-31,51,2018-12-31,51,"First Quartile",41.8133559122897,41.8133559122897
"16",55,"ADATA SU655",3533,2018-09-30,15.49,2018-09-30,15.49,"First Quartile",12.6997820212033,12.6997820212033
"17",65,"KBG30ZMT128G TOSHIBA",5389,2018-03-31,38.68,2018-03-31,38.68,"First Quartile",31.7125609154386,31.7125609154386
"18",85,"Samsung SSD 750 EVO 120GB",3284,2017-04-06,87.95,2018-12-22,119.25,"Second Quartile",73.8669662354223,97.7694645596187
"19",261,"WDC WD6003FZBX",6647,2018-12-31,175.9,2018-12-31,175.9,"Third Quartile",144.215084411211,144.215084411211
"20",96,"NVMe NVME SSD 256GB",9797,2019-12-31,16.99,2019-12-31,16.99,"First Quartile",13.6819434307621,13.6819434307621
"21",258,"INTEL SSDPE2KX040T8",18736,2019-06-30,407.84,2019-06-30,407.84,"Third Quartile",328.431065850618,328.431065850618
"22",118,"PLEXTOR PX-256M9PeG",11713,2019-07-19,51.99,2019-09-17,42.99,"Third Quartile",41.8672300744744,34.6195849375198
"23",160,"NVMe PNY CS3030 500GB",15870,2019-09-30,40.49,2019-09-30,40.49,"Second Quartile",32.6063501772547,32.6063501772547
"24",60,"BC501 NVMe SK hynix 128GB",4907,2019-03-31,31.99,2019-03-31,31.99,"First Quartile",25.7613519923531,25.7613519923531
"25",115,"PLEXTOR PX-256M9PeGN",12110,2019-06-21,49.99,2019-10-13,35.99,"Third Quartile",40.2566422662623,28.9825276087774
"26",156,"SSDPEMKF512G8 NVMe INTEL 512GB",14382,2019-09-30,35,2019-09-30,35,"Second Quartile",28.1852866437124,28.1852866437124
"27",111,"XPG GAMMIX S11 Pro",20663,2019-12-31,42.99,2019-12-31,42.99,"Second Quartile",34.6195849375198,34.6195849375198
"28",278,"TOSHIBA MD04ACA400",1232,2016-02-27,199.99,2019-01-10,121.27,"Third Quartile",171.544196929178,97.6579917509428
"29",270,"Seagate ST3000NM0033",1167,2018-12-20,139.95,2019-02-16,229.7,"Third Quartile",114.740767841666,184.976009773164
"30",84,"SanDisk X600 M.2 2280 128GB",3631,2018-06-03,62.49,2019-05-31,39.52,"Second Quartile",51.2336590384115,31.8252150902718
"31",67,"HP SSD M700 120GB",3183,2019-06-21,22.99,2019-11-14,22.99,"First Quartile",18.5137068553985,18.5137068553985
"32",83,"TEAM L5 LITE SSD 120GB",2454,2019-06-21,24.99,2019-08-29,24.99,"First Quartile",20.1242946636106,20.1242946636106
"33",36,"NVMe PC SN520 NVMe WD",13734,2019-09-30,32.6,2019-09-30,32.6,"First Quartile",26.2525812738578,26.2525812738578
"34",58,"ADATA SU650",4196,2019-12-31,17.96,2019-12-31,17.96,"First Quartile",14.463078517745,14.463078517745
"35",72,"SAMSUNG MZ7LN128HCHP-000H1",2947,2019-03-11,43.85,2019-06-08,44.18,"Second Quartile",35.312137695051,35.5778846834061
"36",161,"ADATA SX8200PNP",20700,2019-09-30,44.99,2019-09-30,44.99,"Second Quartile",36.230172745732,36.230172745732
"37",120,"Samsung SSD 970 EVO Plus 250GB",18567,2019-03-31,69.99,2019-03-31,69.99,"Third Quartile",56.3625203483836,56.3625203483836
"38",117,"XPG GAMMIX S5",15511,2020-12-31,45.99,2020-12-31,45.99,"Second Quartile",36.5854654251092,36.5854654251092
"39",194,"NVMe Sabrent Rocket Q",22394,2020-09-30,49.99,2020-09-30,49.99,"Second Quartile",39.7675019917636,39.7675019917636
"40",9,"NVMe PC SN730 NVMe WD",20179,2020-12-31,49,2020-12-31,49,"Second Quartile",38.9799479415166,38.9799479415166
"41",113,"KLEVV CRAS C710 M.2 NVMe SSD 256GB",11980,2020-06-30,37.9,2020-06-30,37.9,"First Quartile",30.1497964690506,30.1497964690506
"42",127,"CT250P5SSD8",18636,2020-09-30,82.99,2020-09-30,82.99,"Third Quartile",66.0193036666626,66.0193036666626
"43",24,"WDC PC SN730 SDBPNTY",23649,2020-12-31,78,2020-12-31,78,"Third Quartile",62.0497130497612,62.0497130497612
"44",105,"Micron 2300 NVMe 256GB",18139,2020-12-31,44.99,2020-12-31,44.99,"Second Quartile",35.7899562834456,35.7899562834456
"45",167,"Force MP600",30453,2020-09-30,62.99,2020-09-30,62.99,"Third Quartile",50.1091208333905,50.1091208333905
"46",98,"NVMe SSD 256G",10993,2020-12-31,19.99,2020-12-31,19.99,"First Quartile",15.9022277418555,15.9022277418555
"47",91,"IM2P33F3A ADATA 256GB",11782,2020-12-31,17,2020-12-31,17,"First Quartile",13.5236554082813,13.5236554082813
"48",41,"NVME SSD 128GB",7877,2020-06-30,34.99,2020-06-30,34.99,"First Quartile",27.8348648668095,27.8348648668095
"49",279,"Seagate ST4000DM000",1364,2020-03-31,59.99,2020-03-31,59.99,"Third Quartile",47.7225934083997,47.7225934083997
"50",170,"EMTEC X300 512GB",17922,2020-12-31,54.99,2020-12-31,54.99,"Third Quartile",43.7450477000816,43.7450477000816
"51",107,"EMTEC X300 256GB",13842,2020-09-30,34.99,2020-09-30,34.99,"First Quartile",27.8348648668095,27.8348648668095
"52",178,"KXG60ZNV1T02 KIOXIA",20671,2020-03-31,48.18,2020-03-31,48.18,"Second Quartile",38.3276304453525,38.3276304453525
"53",31,"IM2P33F3 NVMe ADATA 256GB",9924,2020-09-30,34.99,2020-09-30,34.99,"First Quartile",27.8348648668095,27.8348648668095
"54",49,"Patriot P300 128GB",9183,2020-09-30,30.95,2020-09-30,30.95,"First Quartile",24.6210079344886,24.6210079344886
"55",169,"NVMe Sabrent Rocket 4",26765,2020-03-31,64.99,2020-03-31,64.99,"Third Quartile",51.7001391167177,51.7001391167177
"56",126,"M Series NVMe SSD 256G",10899,2020-03-31,48.15,2020-03-31,48.15,"Second Quartile",38.3037651711026,38.3037651711026
"57",122,"WDC WDS240G2G0C",12649,2021-09-30,48.87,2021-09-30,48.87,"Second Quartile",37.1313579303729,37.1313579303729
"58",134,"SK hynix HFM512GD3JX013N",22190,2021-03-31,33.06,2021-03-31,33.06,"First Quartile",25.1189419516703,25.1189419516703
"59",213,"KINGSTON KC3000 2TB",49036,2021-12-31,199.99,2021-12-31,199.99,"Third Quartile",151.952123439641,151.952123439641
"60",52,"Patriot Burst Elite 120GB",2823,2021-10-15,20.99,2021-12-09,18.99,"First Quartile",15.9481727636285,14.4285755493714
"61",53,"HP SSD EX900 120GB",8851,2019-06-21,29.99,2021-02-27,43.99,"First Quartile",24.150764184141,33.4235407275855
"62",272,"Hitachi HUA723030ALA640",915,2017-07-09,157.95,2021-05-14,46.98,"Third Quartile",132.658184387549,35.6953385628999
"63",100,"NVMe PC SN530 NVMe WDC 256GB",12270,2021-03-31,23.99,2021-03-31,23.99,"First Quartile",18.2275685850142,18.2275685850142
"64",59,"Netac NVMe SSD 128GB",7527,2021-06-19,39.24,2021-08-21,48.31,"First Quartile",29.8144973437248,36.7058707103809
"65",17,"KINGSTON KC3000 1TB",45835,2021-12-31,132.07,2021-12-31,132.07,"Third Quartile",100.346602043469,100.346602043469
"66",281,"WDC WD40EZAZ",1127,2021-12-31,66.99,2021-12-31,66.99,"Second Quartile",50.8989086915424,50.8989086915424
"67",93,"NVMe PC SN730 NVMe WDC 256GB",14137,2021-03-31,21.72,2021-03-31,21.72,"First Quartile",16.5028257468324,16.5028257468324
"68",158,"NVMe PC SN730 NVMe WDC 512GB",19932,2021-03-31,49.99,2021-03-31,49.99,"Second Quartile",37.9823323703568,37.9823323703568
"69",110,"Patriot M.2 P300",16652,2021-06-30,36.78,2021-06-30,36.78,"First Quartile",27.9453927701885,27.9453927701885
"70",199,"WD Blue SN570 1TB",25613,2021-12-31,89.99,2021-12-31,89.99,"Second Quartile",68.3742766554993,68.3742766554993
"71",208,"Samsung 980 PRO with Heatsink 2TB",41597,2021-12-31,149.99,2021-12-31,149.99,"Third Quartile",113.962193083213,113.962193083213
"72",174,"WDC PC SN810 SDCPNRY 1TB",41636,2021-12-31,85,2021-12-31,85,"Second Quartile",64.5828816059278,64.5828816059278
"73",168,"Seagate FireCuda",32332,2021-06-30,45,2021-06-30,45,"Second Quartile",34.1909373207853,34.1909373207853
"74",157,"WDC WDS480G2G0C",16431,2021-06-30,39.99,2021-06-30,39.99,"First Quartile",30.3843462990712,30.3843462990712
"75",231,"Corsair MP600 CORE",31731,2021-06-30,139.99,2021-06-30,139.99,"Third Quartile",106.364207011927,106.364207011927
"76",218,"MSI M470 2TB",34600,2021-12-31,149.99,2021-12-31,149.99,"Third Quartile",113.962193083213,113.962193083213
"77",46,"BC711 NVMe SK hynix 128GB",9756,2021-06-30,15.99,2021-06-30,15.99,"First Quartile",12.1491797279857,12.1491797279857
"78",179,"WD Green SN350 1TB",24296,2021-12-31,59,2021-12-31,59,"Second Quartile",44.8281178205852,44.8281178205852
"79",142,"WD Blue SN570 500GB",22680,2021-12-31,42.99,2021-12-31,42.99,"First Quartile",32.6637421204569,32.6637421204569
"80",121,"Patriot P300 256GB",10488,2020-08-09,37.99,2021-01-07,37.99,"Second Quartile",30.2213922918004,28.8647490848141
"81",135,"NVMe PC SN810 NVMe WDC 512GB",35383,2021-12-31,55.99,2021-12-31,55.99,"Second Quartile",42.5411240131282,42.5411240131282
"82",222,"WDC SN810 NVMe 2TB",39570,2021-12-31,189,2021-12-31,189,"Third Quartile",143.601936747298,143.601936747298
"83",202,"PNY CS3140 2TB SSD",46213,2021-06-30,139.99,2021-06-30,139.99,"Third Quartile",106.364207011927,106.364207011927
"84",99,"NVMe Patriot M.2 P300",13609,2021-09-30,26.6,2021-09-30,26.6,"First Quartile",20.2106429496198,20.2106429496198
"85",81,"SanDisk SD9SN8W-128G-1006",3592,2019-03-31,50.52,2022-03-22,31.99,"Third Quartile",40.6834480354385,22.5055161500396
"86",181,"Corsair MP600 PRO LPX",48415,2022-06-30,99.99,2022-06-30,99.99,"Second Quartile",70.3446877099861,70.3446877099861
"87",34,"Corsair MP600 PRO",48450,2022-06-30,144.99,2022-06-30,144.99,"Third Quartile",102.00296300701,102.00296300701
"88",97,"PM981a NVMe SED Samsung 256GB",21502,2022-06-30,37.99,2022-06-30,37.99,"First Quartile",26.726619522976,26.726619522976
"89",147,"NVMe PC SN740 NVMe WD 512GB",26726,2022-09-30,55.99,2022-09-30,55.99,"Second Quartile",39.3899296417854,39.3899296417854
"90",251,"CT4000P3SSD8",21882,2022-12-31,225.46,2022-12-31,225.46,"Third Quartile",158.614994410376,158.614994410376
"91",37,"CT2000P3PSSD8",28970,2022-09-30,117.99,2022-09-30,117.99,"Second Quartile",83.0079978287955,83.0079978287955
"92",153,"MSI M371 500GB",14304,2022-12-31,32.99,2022-12-31,32.99,"First Quartile",23.2090333788623,23.2090333788623
"93",74,"GIGABYTE GP-GSTFS31120GNTD",3102,2019-06-21,26.99,2022-04-21,32.25,"First Quartile",21.7348824718228,22.6884306295335
"94",193,"CT1000P3SSD8",21340,2022-09-30,68.99,2022-09-30,68.99,"Second Quartile",48.535653616481,48.535653616481
"95",260,"Seagate ST3000DM008",3341,2018-12-22,117.32,2022-12-30,265.99,"Third Quartile",96.1871159927418,187.128547694561
"96",223,"CT2000P3SSD8",22593,2022-09-30,114.99,2022-09-30,114.99,"Second Quartile",80.8974461423272,80.8974461423272
"97",269,"Seagate ST3000DM001",1765,2011-12-25,239.99,2022-12-20,69,"Third Quartile",219.63008203486,48.5426887887693
"98",265,"PNY CS3040 4TB SSD",24852,2022-09-30,749.99,2022-09-30,749.99,"Third Quartile",527.630886444769,527.630886444769
"99",119,"Inland NVMe SSD",14438,2022-03-31,47.24,2022-03-31,47.24,"First Quartile",33.2341538895864,33.2341538895864
"100",130,"Micron 2300 MTFDHBA512TDV",21346,2022-03-31,26.45,2022-03-31,26.45,"First Quartile",18.6080307023616,18.6080307023616
"101",154,"NVMe PM9B1 NVMe Samsung 512GB",20629,2022-12-31,49.99,2022-12-31,49.99,"First Quartile",35.1688262688489,35.1688262688489
"102",215,"NVMe WD Blue SN570 2TB",28754,2022-12-31,119.99,2022-12-31,119.99,"Second Quartile",84.4150322864409,84.4150322864409
"103",10,"CT1000P3PSSD8",26675,2022-09-30,69.99,2022-09-30,69.99,"Second Quartile",49.2391708453038,49.2391708453038
"104",94,"KBG50ZNS256G KIOXIA 256GB",18691,2022-06-30,29.99,2022-06-30,29.99,"First Quartile",21.0984816923941,21.0984816923941
"105",277,"WDC WD4005FZBX",1422,2022-05-02,129.99,2022-09-21,112.49,"Second Quartile",91.4502045746684,79.1386530702704
"106",219,"WD BLACK SN770 2TB",36535,2022-03-31,158.6,2022-03-31,158.6,"Third Quartile",111.577832491287,111.577832491287
"107",75,"Netac SSD 120GB",2651,2021-06-02,90.5,2022-06-18,31.99,"Second Quartile",68.7617739451349,22.5055161500396
"108",139,"Predator GM7000 512GB",32819,2022-03-31,54.99,2022-03-31,54.99,"Second Quartile",38.6864124129626,38.6864124129626
"109",253,"KINGSTON KC3000 4TB",45279,2022-03-31,550.25,2022-03-31,550.25,"Third Quartile",387.110355159714,387.110355159714
"110",112,"GIGABYTE GP-GSM2NE3256GNTD",12987,2021-01-12,39.99,2022-01-31,58.99,"First Quartile",30.3843462990712,41.5004813282536
"111",50,"Patriot M.2 P300 128GB",10890,2022-06-30,42.6,2022-06-30,42.6,"First Quartile",29.9698339478489,29.9698339478489
"112",226,"WD Green SN350 2TB",26069,2022-06-30,139.99,2022-06-30,139.99,"Third Quartile",98.4853768628958,98.4853768628958
"113",82,"PNY CS900 120GB SSD",2911,2019-06-21,35.99,2022-02-02,32.47,"Second Quartile",28.9825276087774,22.8432044198745
"114",89,"SK Hynix 256GB BC711 M.2 SSD 2280 3500MBs",14624,2022-03-31,18.89,2022-03-31,18.89,"First Quartile",13.2894404524616,13.2894404524616
"115",116,"MSI M390 250GB",17596,2022-09-30,59.9,2022-09-30,59.9,"Second Quartile",42.1406820064823,42.1406820064823
"116",211,"NVMe WD BLACK SN770 2TB",37446,2022-12-31,148,2022-12-31,148,"Third Quartile",104.120549865766,104.120549865766
"117",175,"ADATA LEGEND 740",21576,2022-06-30,44.99,2022-06-30,44.99,"First Quartile",31.6512401247352,31.6512401247352
"118",227,"WDC WD20EURS",18435,2011-07-15,99.99,2023-11-13,98,"Second Quartile",91.5071957275956,66.229287631728
"119",124,"TOSHIBA THNSNH256GBST",4406,2021-05-13,91,2023-10-31,18.89,"Second Quartile",69.1416732486992,12.7660330955443
"120",32,"Viper VP4300 1TB",41149,2022-07-31,164.99,2023-08-30,64.99,"Third Quartile",116.073307583464,43.9208306447551
"121",106,"HP SSD EX900 250GB",11109,2019-08-01,36.99,2023-12-18,22.99,"Second Quartile",29.7878215128834,15.5368502311574
"122",271,"TOSHIBA DT01ACA300",1146,2014-12-20,99.99,2023-06-19,63,"Second Quartile",86.9527022276107,42.5759706203966
"123",39,"ADATA LEGEND 710",18194,2023-09-30,73.43,2023-09-30,73.43,"Second Quartile",49.6246590897733,49.6246590897733
"124",40,"ADATA LEGEND 800",22193,2023-06-30,88.59,2023-06-30,88.59,"Second Quartile",59.8699244009672,59.8699244009672
"125",201,"GIGABYTE AG4732TB",53440,2023-12-31,159.98,2023-12-31,159.98,"Third Quartile",108.115933013509,108.115933013509
"126",15,"Corsair MP600 CORE XT",29867,2023-06-30,77.99,2023-06-30,77.99,"Second Quartile",52.7063483918211,52.7063483918211
"127",3,"ADATA LEGEND 900",40048,2023-09-30,79.99,2023-09-30,79.99,"Second Quartile",54.0579665067543,54.0579665067543
"128",221,"Samsung SSD 980 PRO 2TB",42367,2021-03-02,429.99,2023-12-12,199,"Third Quartile",326.705803079211,134.486002435856
"129",138,"Micron 2200S NVMe 512GB",16815,2023-07-17,34.01,2023-10-18,27.39,"First Quartile",22.9842660444395,18.5104100840105
"130",4,"Corsair Force MP510 480GB",16370,2019-07-19,69.99,2023-07-17,56.99,"Third Quartile",56.3625203483836,38.5143581850222
"131",7,"ADATA LEGEND 960",44922,2023-06-30,97.68,2023-06-30,97.68,"Second Quartile",66.0130287333387,66.0130287333387
"132",8,"Samsung SSD 990 PRO 1TB",49174,2023-05-26,149.99,2023-09-07,99.99,"Third Quartile",101.364600529417,67.5741476560865
"133",150,"Micron 2210 MTFDHBA512QFD",11971,2021-09-07,143.75,2023-09-17,33.06,"Third Quartile",109.221049774731,22.3422474398462
"134",90,"Micron 2200S 256GB",13653,2023-07-17,25.5,2023-12-20,17.94,"First Quartile",17.2331309653986,12.124014490951
"135",131,"SK Hynix 512GB M.2 BC711 80mm SSD",21499,2023-07-29,33.06,2023-10-18,28.34,"First Quartile",22.3422474398462,19.1524286886038
"136",51,"SanDisk X400 M.2 2280 128GB",3871,2017-04-26,114.26,2023-07-17,17.94,"Third Quartile",95.9640655151717,12.124014490951
"137",163,"Patriot M.2 P310 480GB",17113,2022-12-31,29.99,2023-11-23,41.99,"First Quartile",21.0984816923941,28.377222323023
"138",14,"Corsair MP600 MINI",28077,2023-12-31,79.99,2023-12-31,79.99,"Second Quartile",54.0579665067543,54.0579665067543
"139",255,"Seagate ST4000DM005",7727,2018-12-22,99.99,2023-01-13,153.32,"Second Quartile",81.978773679801,103.615044690781
"140",176,"CT1000T500SSD8",40364,2023-12-31,84.99,2023-12-31,84.99,"Second Quartile",57.4370117940874,57.4370117940874
"141",108,"BC501 NVMe SK hynix 256GB",9198,2021-11-30,45.38,2023-09-02,30.44,"Second Quartile",34.4796607914942,20.5716277092837
"142",18,"Patriot M.2 P310 960GB",19210,2023-03-31,56.99,2023-03-31,56.99,"First Quartile",38.5143581850222,38.5143581850222
"143",192,"KBG40ZNV1T02 KIOXIA",16077,2023-09-17,51.96,2023-11-02,47.24,"First Quartile",35.1150386259652,31.9252198747228
"144",128,"Samsung SSD 970 EVO 250GB",15538,2018-05-14,109.99,2023-08-16,38.4,"Second Quartile",90.1774709175049,25.9510678067179
"145",159,"Samsung SSD 980 PRO 500GB",35184,2020-10-17,149.99,2023-08-01,79.99,"Third Quartile",119.318416158124,54.0579665067543
"146",28,"NVMe WD BLACK SN850 1TB",44294,2022-07-16,185.39,2023-09-22,128.99,"Third Quartile",130.425059051448,87.1726103226183
"147",87,"SATA3 64GB SSD",1756,2021-08-15,38.99,2023-05-17,18.9,"First Quartile",29.6245476919427,12.772791186119
"148",64,"Colorful CN600 128GB",8732,2023-05-17,59.99,2023-09-25,59.69,"Second Quartile",40.5417853574221,40.3390426401821
"149",262,"Seagate ST4000DM004",4857,2018-12-22,127.76,2023-09-17,99,"Third Quartile",104.746555908905,66.9050966891946
"150",26,"Samsung SSD 990 PRO 2TB",50755,2023-05-17,239.99,2023-09-05,189.99,"Third Quartile",162.187415701412,128.396962828082
"151",27,"NVMe ADATA LEGEND 700",14812,2023-03-31,49.64,2023-03-31,49.64,"First Quartile",33.5471616126426,33.5471616126426
"152",267,"PNY CS2130 4TB SSD",19972,2023-05-17,595.74,2023-09-09,580.55,"Third Quartile",402.606487895159,392.340948312242
"153",235,"Corsair MP600 GS",33975,2023-03-31,198.99,2023-03-31,198.99,"Third Quartile",134.479244345281,134.479244345281
"154",243,"PNY CS2241 4TB SSD",31574,2023-06-30,259.99,2023-06-30,259.99,"Third Quartile",175.703596850744,175.703596850744
"155",151,"CT500T500SSD8",32414,2023-12-31,71.99,2023-12-31,71.99,"Second Quartile",48.6514940470214,48.6514940470214
"156",229,"SSD M.2 NVME 2TB",23133,2023-06-30,127.99,2023-06-30,127.99,"Third Quartile",86.4968012651517,86.4968012651517
"157",136,"Micron MTFDHBA512TCK",17194,2021-05-13,99.99,2023-09-22,31.49,"Second Quartile",75.972262726785,21.2812272196236
"158",205,"CT2000T500SSD8",43313,2023-12-31,147.99,2023-12-31,147.99,"Third Quartile",100.012982414484,100.012982414484
"159",155,"Viper M.2 VPN110 512GB",22254,2023-07-17,51.96,2023-11-12,54.83,"First Quartile",35.1150386259652,37.0546106208943
"160",196,"Micron MTFDHBA1T0QFD",15663,2023-09-18,56.69,2023-12-25,52.49,"First Quartile",38.3116154677822,35.4732174264225
"161",54,"SK hynix SC311 128GB",2778,2021-05-30,44.92,2023-11-02,14.16,"First Quartile",34.130153432215,9.56945625372723
"162",21,"KXG60ZNV512G TOSHIBA",17912,2021-05-15,123.99,2023-08-19,42.51,"Second Quartile",94.2074292978705,28.7286430329057
"163",239,"Samsung SSD 990 PRO 4TB",52971,2023-12-31,339.99,2023-12-31,339.99,"Third Quartile",229.768321448073,229.768321448073
"164",173,"MSI M460 1TB",36887,2023-03-31,74.99,2023-03-31,74.99,"Second Quartile",50.6789212194212,50.6789212194212
"165",187,"Crucial T700 1TB Gen5 with heatsink",60220,2023-09-30,167.99,2023-09-30,167.99,"Third Quartile",113.529163563816,113.529163563816
"166",230,"PNY CS3040 2TB SSD",32434,2021-11-02,429.99,2023-11-24,179.99,"Third Quartile",326.705803079211,121.638872253416
"167",148,"WD Red SN700 500GB",23689,2023-07-18,122.99,2023-11-27,86.11,"Second Quartile",83.1177559778186,58.19391793845
"168",101,"KBG40ZNS256G NVMe KIOXIA 256GB",12661,2022-12-06,26.99,2023-12-11,25,"First Quartile",18.9879300059258,16.8952264366653
"169",256,"Oyen Digital PCIe SSD",48809,2023-09-30,869,2023-09-30,869,"Third Quartile",587.278070938486,587.278070938486
"170",6,"CT1000T500SSD5",41740,2023-12-31,89.99,2023-12-31,89.99,"Second Quartile",60.8160570814204,60.8160570814204
"171",197,"Viper M.2 VP4100",29602,2020-04-16,219.99,2023-06-19,278.31,"Third Quartile",175.004056074576,188.084418783533
"172",48,"Intel Optane P1600X 58GB",13064,2023-06-30,32.84,2023-06-30,32.84,"First Quartile",22.1935694472035,22.1935694472035
"173",249,"Seagate ST8000DX001",26489,2023-06-07,167.65,2023-08-11,320.35,"Third Quartile",113.299388484278,216.495431559429
"174",143,"Patriot M.2 P400 512GB",28050,2023-07-17,49.88,2023-10-14,59.99,"First Quartile",33.7093557864346,40.5417853574221
"175",171,"WD Blue SN580 1TB",33463,2023-09-30,49.99,2023-09-30,49.99,"First Quartile",33.7836947827559,33.7836947827559
"176",132,"SK hynix BC711 HFM512GD3JX013N",20672,2023-07-28,33.06,2023-10-18,28.34,"First Quartile",22.3422474398462,19.1524286886038
"177",133,"WD Blue SN580 500GB",28949,2023-09-30,39.99,2023-09-30,39.99,"First Quartile",27.0256042080898,27.0256042080898
"178",247,"Transcend TS4TMTE250S",48165,2023-06-30,466.99,2023-06-30,466.99,"Third Quartile",315.596071746333,315.596071746333
"179",125,"KBG30ZMV256G KIOXIA",8108,2023-01-16,62.99,2023-06-19,33.06,"Second Quartile",42.5692125298219,22.3422474398462
"180",166,"INTEL SSDPEKNW512G8H",10234,2023-07-17,39.68,2023-10-18,28.34,"First Quartile",26.8161034002752,19.1524286886038
"181",137,"NVMe WD Blue SN570 500GB",24468,2023-05-26,49.99,2023-09-07,43.04,"First Quartile",33.7836947827559,29.086821833363
"182",44,"GIGABYTE AG510K2TB",60830,2023-06-30,286.42,2023-06-30,286.42,"Third Quartile",193.565230239587,193.565230239587
"183",188,"PNY CS2140 1TB SSD",22381,2022-09-13,89.99,2023-01-19,62.99,"Second Quartile",63.3095154217586,42.5692125298219
"184",237,"Predator SSD GM7000 4TB",46748,2023-03-31,274.99,2023-03-31,274.99,"Third Quartile",185.840732712744,185.840732712744
"185",141,"Crucial P3 Plus 500GB",20875,2023-05-17,35.99,2023-07-17,39.99,"First Quartile",24.3223679782234,27.0256042080898
"186",182,"ADATA LEGEND 850 LITE",30943,2023-09-30,68.99,2023-09-30,68.99,"Second Quartile",46.6240668746216,46.6240668746216
"187",145,"KXG60ZNV512G KIOXIA",18687,2023-08-11,47.24,2023-10-17,41.99,"First Quartile",31.9252198747228,28.377222323023
"188",275,"CT4000MX500SSD1",4172,2023-03-31,219,2023-03-31,219,"Third Quartile",148.002183585188,148.002183585188
"189",183,"Micron MTFDHBA1T0TCK",16733,2021-09-07,306.3,2023-10-16,47.24,"Third Quartile",232.726313363479,31.9252198747228
"190",25,"GIGABYTE AORUS Gen5 12000 1TB",55095,2023-12-31,183.04,2023-12-31,183.04,"Third Quartile",123.700089878689,123.700089878689
"191",282,"WDC WUS721010ALE6L4",1634,2023-03-31,100,2023-03-31,100,"Second Quartile",67.5809057466612,67.5809057466612
"192",165,"NVMe WDC WDS500G2B0C",17709,2023-05-17,59.85,2023-11-24,68.99,"First Quartile",40.4471720893767,46.6240668746216
"193",241,"Crucial T700 4TB Gen5 with heatsink",66889,2023-09-30,499.99,2023-09-30,499.99,"Third Quartile",337.897770642731,337.897770642731
"194",206,"WD Blue SN580 2TB",34437,2023-09-30,119.99,2023-09-30,119.99,"Second Quartile",81.0903288054188,81.0903288054188
"195",103,"KBG40ZNV256G KIOXIA",14024,2023-05-17,21.72,2023-10-23,32,"First Quartile",14.6785727281748,21.6258898389316
"196",140,"HFM512GD3JX016N",21046,2023-09-17,37.79,2023-10-25,35.9,"First Quartile",25.5388242816633,24.2615451630514
"197",184,"BC711 NVMe SK hynix 1TB",21740,2023-09-17,70.86,2023-12-26,57.74,"Second Quartile",47.8878298120841,39.0212149781222
"198",38,"GIGABYTE AORUS Gen5 12000 SSD 2TB",73048,2023-12-31,302.39,2023-12-31,302.39,"Third Quartile",204.357900887329,204.357900887329
"199",144,"KBG40ZNV512G KIOXIA",14023,2023-07-17,34.95,2023-10-17,31.49,"First Quartile",23.6195265584581,21.2812272196236
"200",274,"WDC WD40PURX",1063,2015-11-12,156.99,2024-05-03,54,"Third Quartile",136.357070812081,35.259602998258
"201",42,"Crucial T700 2TB",72918,2023-06-19,339.99,2024-04-29,339.99,"Third Quartile",229.768321448073,221.998378210699
"202",69,"DOGFISH SSD 64GB",1892,2023-05-26,14,2024-03-19,12.36,"First Quartile",9.46132680453257,8.07053135293461
"203",162,"Acer SSD FA100 512GB",18095,2023-07-17,27.99,2024-04-22,45.99,"First Quartile",18.9158955184905,30.0294285535164
"204",5,"GEN4 1TB",34356,2023-10-15,49.99,2024-04-15,69.99,"First Quartile",33.7836947827559,45.7003632194089
"205",204,"MSI M480 2TB",45390,2022-01-31,382.99,2024-05-02,183.34,"Third Quartile",269.440063466822,119.712881735197
"206",224,"CT2000P5PSSD8",39720,2022-04-01,573.14,2024-02-02,195.99,"Third Quartile",403.213864527467,127.972770215344
"207",16,"NVMe WD Green SN350 1TB",22746,2023-05-17,59.99,2024-02-06,62.99,"Second Quartile",40.5417853574221,41.1296739418569
"208",172,"Predator SSD GM7000 1TB",42017,2022-12-08,104.99,2024-02-29,77.99,"Second Quartile",73.8622738540998,50.9240081080397
"209",43,"SanDisk Extreme Pro 1TB",22655,2019-06-06,369.89,2024-02-29,425.99,"Third Quartile",297.870162189793,278.15256076348
"210",30,"Crucial P5 Plus 1TB",37766,2022-04-05,210.61,2024-04-12,123.5,"Third Quartile",148.167763562358,80.6400179682383
"211",88,"BC711 NVMe SK hynix 256GB",16131,2022-12-06,53.9,2024-02-09,16.41,"First Quartile",37.9195786335459,10.715001577804
"212",109,"WD Blue SN570 250GB",17182,2023-05-17,49.99,2024-03-01,49.99,"First Quartile",33.7836947827559,32.6412509978318
"213",56,"Patriot P210 128GB",2569,2021-10-22,70.38,2024-03-29,23.04,"Second Quartile",53.4746259697082,15.0440972792568
"214",200,"Predator SSD GM7000 2TB",49530,2023-05-17,129.99,2024-03-01,138.7,"Third Quartile",87.8484193800849,90.5649432566368
"215",45,"CT1000P5SSD8",25118,2023-09-18,94.49,2024-01-03,78.42,"Second Quartile",63.8571978400202,51.2047790208036
"216",234,"Lexar 2TB SSD",30379,2023-05-26,246.56,2024-03-19,179.99,"Third Quartile",166.627481208968,117.525480438083
"217",220,"KINGSTON FURY Renegade 2TB",50981,2022-07-31,284.99,2024-03-01,246.99,"Third Quartile",200.495375042194,161.273506380366
"218",63,"CT120BX100SSD1",3137,2015-04-01,67.99,2024-02-04,21.24,"Second Quartile",59.0541897223607,13.8687771793148
"219",114,"HP SSD EX920 256GB",12518,2019-06-21,46.99,2024-03-01,39.9,"Second Quartile",37.8407605539441,26.0529288820462
"220",104,"Acer SSD FA100 256GB",13100,2023-05-17,19.99,2024-02-29,29.99,"First Quartile",13.5094230587576,19.5821387762548
"221",70,"BR 128GB",4204,2023-05-17,26,2024-02-29,37.69,"First Quartile",17.5710354941319,24.6098969815619
"222",62,"DOGFISH SSD 128GB",3315,2022-10-02,25.99,2024-04-16,27.6,"First Quartile",18.2844127771031,18.0215748657763
"223",263,"Seagate ST8000DM004",4117,2022-09-24,182.79,2024-04-07,162.99,"Third Quartile",128.595914256509,106.425235049742
"224",240,"FANTOM DRIVES VENOM8",48878,2023-05-17,359.99,2024-03-21,399.95,"Third Quartile",243.284502597406,261.149596650987
"225",242,"Crucial T700 4TB Gen5",73682,2023-07-30,599.99,2024-04-22,483.96,"Third Quartile",405.478676389393,316.004397537721
"226",102,"BC511 NVMe SK hynix 256GB",9376,2022-12-24,37.43,2024-01-03,19.99,"First Quartile",26.3326498748353,13.0525826654663
"227",217,"NVMe PNY CS3140 2TB SSD",50813,2023-07-07,139.99,2024-03-01,219.99,"Third Quartile",94.606509954751,143.643704881237
"228",195,"Seagate FireCuda 530 1TB",44457,2023-11-03,98.75,2024-04-08,159.99,"Second Quartile",66.7361444248279,104.466368216506
"229",164,"Crucial P5 Plus 500GB",33940,2021-11-17,138,2024-02-29,103.99,"Third Quartile",104.852207783742,67.9008539960898
"230",180,"Crucial T700 1TB Gen5 M.2",62418,2023-07-02,179.99,2024-04-29,181.99,"Third Quartile",121.638872253416,118.83139166024
"231",248,"PNY CS3140 4TB SSD",48909,2023-08-11,379.99,2024-04-22,487.99,"Third Quartile",256.800683746738,318.635808650369
"232",209,"MSI M450 2TB",26329,2023-10-26,90.99,2024-02-29,94.99,"Second Quartile",61.491866138887,62.0242534963802
"233",210,"ADATA LEGEND 850",28994,2023-05-17,169.77,2024-02-29,139.99,"Third Quartile",114.732103686107,91.4072559949285
"234",11,"NVMe SSD",13082,2023-12-20,29.99,2024-04-19,47.99,"First Quartile",20.2675136334237,31.3353397756741
"235",266,"WDC WD40EZRX",5298,2014-12-11,139.99,2024-02-26,112.44,"Third Quartile",121.73726157459,73.4183289097061
"236",13,"Crucial P3 500GB",18199,2023-07-30,39.99,2024-04-01,77.99,"First Quartile",27.0256042080898,50.9240081080397
"237",214,"CT2000T500SSD5",38671,2024-03-31,160.99,2024-03-31,160.99,"Second Quartile",105.119323827584,105.119323827584
"238",66,"DOGFISH SSD 120GB",2222,2021-05-23,22,2024-01-21,17,"First Quartile",16.7155693568284,11.1002453883405
"239",149,"KINGSTON KC3000 512GB",36450,2023-07-17,105.99,2024-03-06,79.99,"Second Quartile",71.6290020008862,52.2299193301974
"240",190,"MSI M450 1TB",26343,2023-05-17,59.99,2024-03-31,72.99,"Second Quartile",40.5417853574221,47.6592300526454
"241",191,"NVMe PNY CS3140 1TB SSD",32309,2023-07-11,87.99,2024-04-03,237.99,"Second Quartile",59.4644389664872,155.396905880656
"242",2,"M.2 PCIE 2280 SSD 512GB",19786,2024-01-27,31.99,2024-04-30,39.99,"First Quartile",20.8880499984125,26.1116948870433
"243",47,"KBG40ZNS128G NVMe KIOXIA 128GB",9062,2023-05-17,15.99,2024-03-06,15.99,"First Quartile",10.8061868288911,10.4407602211508
"244",177,"CT1000T705SSD3",72236,2024-03-31,154.99,2024-03-31,154.99,"Second Quartile",101.201590161111,101.201590161111
"245",273,"Samsung SSD 870 EVO 4TB",8405,2021-12-21,778.99,2024-01-25,338.98,"Third Quartile",591.875516967079,221.338893043509
"246",236,"MSI M461 2TB",29083,2023-08-06,129.99,2024-03-20,175.99,"Third Quartile",87.8484193800849,114.913657993767
"247",268,"SanDisk SDSSDH3 4T00",19071,2024-01-11,250.99,2024-04-10,259.99,"Third Quartile",163.885328824681,169.761929324391
"248",95,"Patriot M.2 P310 240GB",14319,2022-09-13,23.99,2024-01-27,73.99,"First Quartile",16.8773783194576,48.3121856637243
"249",146,"MSI M450 500GB",24144,2023-05-17,29.99,2024-03-05,45.99,"First Quartile",20.2675136334237,30.0294285535164
"250",246,"CT4000T705SSD3",85279,2024-03-31,713.99,2024-03-31,713.99,"Third Quartile",466.20377675419,466.20377675419
"251",1,"NVMe 256GB",12486,2023-08-31,15.99,2024-04-03,16.99,"First Quartile",10.8061868288911,11.0937158322297
"252",33,"NVMe PCIe 512GB",12448,2024-02-11,32.99,2024-04-29,36.7,"First Quartile",21.5410056094913,23.9634709265939
"253",216,"Kingston KC3000 M.2 SSD",46816,2023-05-17,388.99,2024-02-29,199.99,"Third Quartile",262.882965263937,130.58459265966
"254",244,"WDC WD40EFAX",14364,2023-06-07,124.99,2024-03-02,124.99,"Second Quartile",84.4693740927518,81.6129218287457
"255",225,"NVMe WD Green SN350 2TB",26487,2023-11-13,139.99,2024-02-29,139.99,"Third Quartile",94.606509954751,91.4072559949285
"256",238,"KINGSTON FURY Renegade 4TB",52499,2022-07-22,988.99,2024-04-14,389.99,"Third Quartile",695.771504133405,254.646158764642
"257",212,"PNY CS2140 2TB SSD",24550,2022-12-07,134.99,2024-02-29,99.99,"Second Quartile",94.9677907187821,65.2890315517744
"258",207,"MSI M570 2TB",67435,2023-07-17,349.99,2024-04-08,329.99,"Third Quartile",236.52641202274,215.46882209991
"259",186,"SABRENT 1TB Rocket 4 Plus",50889,2023-08-01,119.99,2024-02-09,119.99,"Second Quartile",81.0903288054188,78.3481437733515
"260",23,"NVMe Samsung 980 PRO",29902,2023-05-17,98.85,2024-05-07,154.99,"Second Quartile",66.8037253305746,101.201590161111
"261",264,"Seagate ST33000650NS",1006,2013-06-12,289.99,2024-03-27,30,"Third Quartile",256.264664743598,19.5886683323656
"262",152,"HP SSD EX900 500GB",12521,2019-06-21,63.99,2024-01-14,42.99,"Third Quartile",51.5307569237472,28.0705617202799
"263",254,"Seagate ST4000VN008",7937,2022-09-27,107.54,2024-03-10,220,"Second Quartile",75.6562427875978,143.650234437347
"264",203,"MSI M482 2TB",48072,2024-03-31,149.99,2024-03-31,149.99,"Second Quartile",97.9368121057171,97.9368121057171
"265",228,"Corsair MP700",63359,2023-08-06,441.15,2024-02-23,269.99,"Third Quartile",298.133165701396,176.291485435179
"266",29,"Crucial T705 2TB Gen5 M.2",80496,2024-03-29,399.99,2024-05-04,399.99,"Third Quartile",261.17571487543,261.17571487543
"267",185,"Corsair MP600 PRO XT 1TB",41284,2023-05-17,89.99,2024-03-12,109.99,"Second Quartile",60.8160570814204,71.8185876625629
"268",22,"INTEL SSDPEKNU512GZ",16810,2023-07-17,69.99,2024-05-09,62.87,"Second Quartile",47.2998759320882,41.0513192685274
"269",257,"Sabrent",23757,2021-05-26,799.99,2024-05-04,519.99,"Third Quartile",607.831287716779,339.530388204892
"270",19,"Samsung SSD 990 EVO 1TB",30264,2024-03-23,119.95,2024-05-08,139.95,"Second Quartile",78.3220255489083,91.3811377704854
"271",20,"NVMe WD Blue SN570 1TB",26468,2023-05-17,69.99,2024-02-29,69.99,"Second Quartile",47.2998759320882,45.7003632194089
"272",92,"KXG60ZNV256G KIOXIA",16362,2023-01-02,37.43,2024-02-21,24.14,"First Quartile",25.2955330209753,15.7623484514435
"273",123,"KBG30ZMV256G TOSHIBA",7175,2024-02-24,27.49,2024-04-06,28.74,"First Quartile",17.9497497485576,18.7659442624062
"274",245,"CT4000P3PSSD8",29312,2023-06-07,263.99,2024-03-15,299.99,"Third Quartile",178.406833080611,195.880153767545
"275",12,"Viper VP4300 2TB",41750,2023-07-18,119.99,2024-04-27,117.99,"Second Quartile",81.0903288054188,77.0422325511938
"276",129,"NVMe TS256GMTE110S",8888,2024-03-02,34.01,2024-04-19,39.99,"First Quartile",22.2070203327918,26.1116948870433
"277",189,"Predator SSD GM3500 1TB",17584,2023-01-05,79.99,2024-03-21,49.99,"Second Quartile",54.0579665067543,32.6412509978318
"278",232,"PNY CS2241 2TB SSD",22427,2023-10-03,99.99,2024-02-29,129.99,"Second Quartile",67.5741476560865,84.87769988414
"279",198,"MSI M470 1TB",32287,2023-05-17,103.38,2024-03-01,109.99,"Second Quartile",69.8651403608984,71.8185876625629
"280",35,"NVMe PC SN530 NVMe WDC 512GB",14846,2023-07-21,36.74,2024-02-06,49.95,"First Quartile",24.8292247713233,32.6151327733887
"281",233,"Samsung SSD 990 EVO 2TB",30931,2024-03-13,209.95,2024-04-23,209.99,"Third Quartile",137.088030546005,137.114148770448
"282",250,"MSI M461 4TB",27271,2023-07-26,229.99,2024-03-31,271.99,"Third Quartile",155.429325126746,177.597396657337
