"","Disk","Score","ReleaseDate","ReleasePrice","CurrentDate","CurrentPrice","Quantile"
"1","NVMe 256GB",12486,2023-08-31,15.99,2024-04-03,16.99,"First Quantile"
"2","M.2 PCIE 2280 SSD 512GB",19786,2024-01-27,31.99,2024-04-30,39.99,"First Quantile"
"3","ADATA LEGEND 900",40048,2023-09-30,79.99,2023-09-30,79.99,"Second Quantile"
"4","Corsair Force MP510 480GB",16370,2019-07-19,69.99,2023-07-17,56.99,"Third Quantile"
"5","GEN4 1TB",34356,2023-10-15,49.99,2024-04-15,69.99,"First Quantile"
"6","CT1000T500SSD5",41740,2023-12-31,89.99,2023-12-31,89.99,"Second Quantile"
"7","ADATA LEGEND 960",44922,2023-06-30,97.68,2023-06-30,97.68,"Second Quantile"
"8","Samsung SSD 990 PRO 1TB",49174,2023-05-26,149.99,2023-09-07,99.99,"Third Quantile"
"9","NVMe PC SN730 NVMe WD",20179,2020-12-31,49,2020-12-31,49,"Second Quantile"
"10","CT1000P3PSSD8",26675,2022-09-30,69.99,2022-09-30,69.99,"Second Quantile"
"11","NVMe SSD",13082,2023-12-20,29.99,2024-04-19,47.99,"First Quantile"
"12","Viper VP4300 2TB",41750,2023-07-18,119.99,2024-04-27,117.99,"Second Quantile"
"13","Crucial P3 500GB",18199,2023-07-30,39.99,2024-04-01,77.99,"First Quantile"
"14","Corsair MP600 MINI",28077,2023-12-31,79.99,2023-12-31,79.99,"Second Quantile"
"15","Corsair MP600 CORE XT",29867,2023-06-30,77.99,2023-06-30,77.99,"Second Quantile"
"16","NVMe WD Green SN350 1TB",22746,2023-05-17,59.99,2024-02-06,62.99,"Second Quantile"
"17","KINGSTON KC3000 1TB",45835,2021-12-31,132.07,2021-12-31,132.07,"Third Quantile"
"18","Patriot M.2 P310 960GB",19210,2023-03-31,56.99,2023-03-31,56.99,"First Quantile"
"19","Samsung SSD 990 EVO 1TB",30264,2024-03-23,119.95,2024-05-08,139.95,"Second Quantile"
"20","NVMe WD Blue SN570 1TB",26468,2023-05-17,69.99,2024-02-29,69.99,"Second Quantile"
"21","KXG60ZNV512G TOSHIBA",17912,2021-05-15,123.99,2023-08-19,42.51,"Second Quantile"
"22","INTEL SSDPEKNU512GZ",16810,2023-07-17,69.99,2024-05-09,62.87,"Second Quantile"
"23","NVMe Samsung 980 PRO",29902,2023-05-17,98.85,2024-05-07,154.99,"Second Quantile"
"24","WDC PC SN730 SDBPNTY",23649,2020-12-31,78,2020-12-31,78,"Third Quantile"
"25","GIGABYTE AORUS Gen5 12000 1TB",55095,2023-12-31,183.04,2023-12-31,183.04,"Third Quantile"
"26","Samsung SSD 990 PRO 2TB",50755,2023-05-17,239.99,2023-09-05,189.99,"Third Quantile"
"27","NVMe ADATA LEGEND 700",14812,2023-03-31,49.64,2023-03-31,49.64,"First Quantile"
"28","NVMe WD BLACK SN850 1TB",44294,2022-07-16,185.39,2023-09-22,128.99,"Third Quantile"
"29","Crucial T705 2TB Gen5 M.2",80496,2024-03-29,399.99,2024-05-04,399.99,"Third Quantile"
"30","Crucial P5 Plus 1TB",37766,2022-04-05,210.61,2024-04-12,123.5,"Third Quantile"
"31","IM2P33F3 NVMe ADATA 256GB",9924,2020-09-30,34.99,2020-09-30,34.99,"First Quantile"
"32","Viper VP4300 1TB",41149,2022-07-31,164.99,2023-08-30,64.99,"Third Quantile"
"33","NVMe PCIe 512GB",12448,2024-02-11,32.99,2024-04-29,36.7,"First Quantile"
"34","Corsair MP600 PRO",48450,2022-06-30,144.99,2022-06-30,144.99,"Third Quantile"
"35","NVMe PC SN530 NVMe WDC 512GB",14846,2023-07-21,36.74,2024-02-06,49.95,"First Quantile"
"36","NVMe PC SN520 NVMe WD",13734,2019-09-30,32.6,2019-09-30,32.6,"First Quantile"
"37","CT2000P3PSSD8",28970,2022-09-30,117.99,2022-09-30,117.99,"Second Quantile"
"38","GIGABYTE AORUS Gen5 12000 SSD 2TB",73048,2023-12-31,302.39,2023-12-31,302.39,"Third Quantile"
"39","ADATA LEGEND 710",18194,2023-09-30,73.43,2023-09-30,73.43,"Second Quantile"
"40","ADATA LEGEND 800",22193,2023-06-30,88.59,2023-06-30,88.59,"Second Quantile"
"41","NVME SSD 128GB",7877,2020-06-30,34.99,2020-06-30,34.99,"First Quantile"
"42","Crucial T700 2TB",72918,2023-06-19,339.99,2024-04-29,339.99,"Third Quantile"
"43","SanDisk Extreme Pro 1TB",22655,2019-06-06,369.89,2024-02-29,425.99,"Third Quantile"
"44","GIGABYTE AG510K2TB",60830,2023-06-30,286.42,2023-06-30,286.42,"Third Quantile"
"45","CT1000P5SSD8",25118,2023-09-18,94.49,2024-01-03,78.42,"Second Quantile"
"46","BC711 NVMe SK hynix 128GB",9756,2021-06-30,15.99,2021-06-30,15.99,"First Quantile"
"47","KBG40ZNS128G NVMe KIOXIA 128GB",9062,2023-05-17,15.99,2024-03-06,15.99,"First Quantile"
"48","Intel Optane P1600X 58GB",13064,2023-06-30,32.84,2023-06-30,32.84,"First Quantile"
"49","Patriot P300 128GB",9183,2020-09-30,30.95,2020-09-30,30.95,"First Quantile"
"50","Patriot M.2 P300 128GB",10890,2022-06-30,42.6,2022-06-30,42.6,"First Quantile"
"51","SanDisk X400 M.2 2280 128GB",3871,2017-04-26,114.26,2023-07-17,17.94,"Third Quantile"
"52","Patriot Burst Elite 120GB",2823,2021-10-15,20.99,2021-12-09,18.99,"First Quantile"
"53","HP SSD EX900 120GB",8851,2019-06-21,29.99,2021-02-27,43.99,"First Quantile"
"54","SK hynix SC311 128GB",2778,2021-05-30,44.92,2023-11-02,14.16,"First Quantile"
"55","ADATA SU655",3533,2018-09-30,15.49,2018-09-30,15.49,"First Quantile"
"56","Patriot P210 128GB",2569,2021-10-22,70.38,2024-03-29,23.04,"Second Quantile"
"57","SAMSUNG SSD PM871 M.2 2280 128GB",3022,2015-12-31,17.39,2015-12-31,17.39,"First Quantile"
"58","ADATA SU650",4196,2019-12-31,17.96,2019-12-31,17.96,"First Quantile"
"59","Netac NVMe SSD 128GB",7527,2021-06-19,39.24,2021-08-21,48.31,"First Quantile"
"60","BC501 NVMe SK hynix 128GB",4907,2019-03-31,31.99,2019-03-31,31.99,"First Quantile"
"61","SAMSUNG MZ7TE128HMGR-000L1",2415,2014-06-30,15.99,2014-06-30,15.99,"First Quantile"
"62","DOGFISH SSD 128GB",3315,2022-10-02,25.99,2024-04-16,27.6,"First Quantile"
"63","CT120BX100SSD1",3137,2015-04-01,67.99,2024-02-04,21.24,"Second Quantile"
"64","Colorful CN600 128GB",8732,2023-05-17,59.99,2023-09-25,59.69,"Second Quantile"
"65","KBG30ZMT128G TOSHIBA",5389,2018-03-31,38.68,2018-03-31,38.68,"First Quantile"
"66","DOGFISH SSD 120GB",2222,2021-05-23,22,2024-01-21,17,"First Quantile"
"67","HP SSD M700 120GB",3183,2019-06-21,22.99,2019-11-14,22.99,"First Quantile"
"68","SAMSUNG MZFLV128HCGR-000MV",3729,2016-09-30,26.95,2016-09-30,26.95,"First Quantile"
"69","DOGFISH SSD 64GB",1892,2023-05-26,14,2024-03-19,12.36,"First Quantile"
"70","BR 128GB",4204,2023-05-17,26,2024-02-29,37.69,"First Quantile"
"71","SanDisk X300 2.5 7MM 128GB",3130,2016-12-31,26.19,2016-12-31,26.19,"First Quantile"
"72","SAMSUNG MZ7LN128HCHP-000H1",2947,2019-03-11,43.85,2019-06-08,44.18,"Second Quantile"
"73","KINGSTON SH103S3",3587,2014-03-31,29.99,2014-03-31,29.99,"First Quantile"
"74","GIGABYTE GP-GSTFS31120GNTD",3102,2019-06-21,26.99,2022-04-21,32.25,"First Quantile"
"75","Netac SSD 120GB",2651,2021-06-02,90.5,2022-06-18,31.99,"Second Quantile"
"76","KIOXIA (Toshiba) 128GB",5466,2018-09-30,48,2018-09-30,48,"First Quantile"
"77","ADATA SU800 SSD 128GB",3221,2017-06-30,29.99,2017-06-30,29.99,"First Quantile"
"78","THNSN5128GPUK TOSHIBA",6355,2017-09-30,59.99,2017-09-30,59.99,"Second Quantile"
"79","ADATA SU700",2919,2017-12-31,22,2017-12-31,22,"First Quantile"
"80","OCZ-SOLID3",2542,2011-06-30,24.3,2011-06-30,24.3,"First Quantile"
"81","SanDisk SD9SN8W-128G-1006",3592,2019-03-31,50.52,2022-03-22,31.99,"Third Quantile"
"82","PNY CS900 120GB SSD",2911,2019-06-21,35.99,2022-02-02,32.47,"Second Quantile"
"83","TEAM L5 LITE SSD 120GB",2454,2019-06-21,24.99,2019-08-29,24.99,"First Quantile"
"84","SanDisk X600 M.2 2280 128GB",3631,2018-06-03,62.49,2019-05-31,39.52,"Second Quantile"
"85","Samsung SSD 750 EVO 120GB",3284,2017-04-06,87.95,2018-12-22,119.25,"Second Quantile"
"86","Radeon R3 SSD R3SL120G",3719,2016-06-30,39.99,2016-06-30,39.99,"Second Quantile"
"87","SATA3 64GB SSD",1756,2021-08-15,38.99,2023-05-17,18.9,"First Quantile"
"88","BC711 NVMe SK hynix 256GB",16131,2022-12-06,53.9,2024-02-09,16.41,"First Quantile"
"89","SK Hynix 256GB BC711 M.2 SSD 2280 3500MBs",14624,2022-03-31,18.89,2022-03-31,18.89,"First Quantile"
"90","Micron 2200S 256GB",13653,2023-07-17,25.5,2023-12-20,17.94,"First Quantile"
"91","IM2P33F3A ADATA 256GB",11782,2020-12-31,17,2020-12-31,17,"First Quantile"
"92","KXG60ZNV256G KIOXIA",16362,2023-01-02,37.43,2024-02-21,24.14,"First Quantile"
"93","NVMe PC SN730 NVMe WDC 256GB",14137,2021-03-31,21.72,2021-03-31,21.72,"First Quantile"
"94","KBG50ZNS256G KIOXIA 256GB",18691,2022-06-30,29.99,2022-06-30,29.99,"First Quantile"
"95","Patriot M.2 P310 240GB",14319,2022-09-13,23.99,2024-01-27,73.99,"First Quantile"
"96","NVMe NVME SSD 256GB",9797,2019-12-31,16.99,2019-12-31,16.99,"First Quantile"
"97","PM981a NVMe SED Samsung 256GB",21502,2022-06-30,37.99,2022-06-30,37.99,"First Quantile"
"98","NVMe SSD 256G",10993,2020-12-31,19.99,2020-12-31,19.99,"First Quantile"
"99","NVMe Patriot M.2 P300",13609,2021-09-30,26.6,2021-09-30,26.6,"First Quantile"
"100","NVMe PC SN530 NVMe WDC 256GB",12270,2021-03-31,23.99,2021-03-31,23.99,"First Quantile"
"101","KBG40ZNS256G NVMe KIOXIA 256GB",12661,2022-12-06,26.99,2023-12-11,25,"First Quantile"
"102","BC511 NVMe SK hynix 256GB",9376,2022-12-24,37.43,2024-01-03,19.99,"First Quantile"
"103","KBG40ZNV256G KIOXIA",14024,2023-05-17,21.72,2023-10-23,32,"First Quantile"
"104","Acer SSD FA100 256GB",13100,2023-05-17,19.99,2024-02-29,29.99,"First Quantile"
"105","Micron 2300 NVMe 256GB",18139,2020-12-31,44.99,2020-12-31,44.99,"Second Quantile"
"106","HP SSD EX900 250GB",11109,2019-08-01,36.99,2023-12-18,22.99,"Second Quantile"
"107","EMTEC X300 256GB",13842,2020-09-30,34.99,2020-09-30,34.99,"First Quantile"
"108","BC501 NVMe SK hynix 256GB",9198,2021-11-30,45.38,2023-09-02,30.44,"Second Quantile"
"109","WD Blue SN570 250GB",17182,2023-05-17,49.99,2024-03-01,49.99,"First Quantile"
"110","Patriot M.2 P300",16652,2021-06-30,36.78,2021-06-30,36.78,"First Quantile"
"111","XPG GAMMIX S11 Pro",20663,2019-12-31,42.99,2019-12-31,42.99,"Second Quantile"
"112","GIGABYTE GP-GSM2NE3256GNTD",12987,2021-01-12,39.99,2022-01-31,58.99,"First Quantile"
"113","KLEVV CRAS C710 M.2 NVMe SSD 256GB",11980,2020-06-30,37.9,2020-06-30,37.9,"First Quantile"
"114","HP SSD EX920 256GB",12518,2019-06-21,46.99,2024-03-01,39.9,"Second Quantile"
"115","PLEXTOR PX-256M9PeGN",12110,2019-06-21,49.99,2019-10-13,35.99,"Third Quantile"
"116","MSI M390 250GB",17596,2022-09-30,59.9,2022-09-30,59.9,"Second Quantile"
"117","XPG GAMMIX S5",15511,2020-12-31,45.99,2020-12-31,45.99,"Second Quantile"
"118","PLEXTOR PX-256M9PeG",11713,2019-07-19,51.99,2019-09-17,42.99,"Third Quantile"
"119","Inland NVMe SSD",14438,2022-03-31,47.24,2022-03-31,47.24,"First Quantile"
"120","Samsung SSD 970 EVO Plus 250GB",18567,2019-03-31,69.99,2019-03-31,69.99,"Third Quantile"
"121","Patriot P300 256GB",10488,2020-08-09,37.99,2021-01-07,37.99,"Second Quantile"
"122","WDC WDS240G2G0C",12649,2021-09-30,48.87,2021-09-30,48.87,"Second Quantile"
"123","KBG30ZMV256G TOSHIBA",7175,2024-02-24,27.49,2024-04-06,28.74,"First Quantile"
"124","TOSHIBA THNSNH256GBST",4406,2021-05-13,91,2023-10-31,18.89,"Second Quantile"
"125","KBG30ZMV256G KIOXIA",8108,2023-01-16,62.99,2023-06-19,33.06,"Second Quantile"
"126","M Series NVMe SSD 256G",10899,2020-03-31,48.15,2020-03-31,48.15,"Second Quantile"
"127","CT250P5SSD8",18636,2020-09-30,82.99,2020-09-30,82.99,"Third Quantile"
"128","Samsung SSD 970 EVO 250GB",15538,2018-05-14,109.99,2023-08-16,38.4,"Second Quantile"
"129","NVMe TS256GMTE110S",8888,2024-03-02,34.01,2024-04-19,39.99,"First Quantile"
"130","Micron 2300 MTFDHBA512TDV",21346,2022-03-31,26.45,2022-03-31,26.45,"First Quantile"
"131","SK Hynix 512GB M.2 BC711 80mm SSD",21499,2023-07-29,33.06,2023-10-18,28.34,"First Quantile"
"132","SK hynix BC711 HFM512GD3JX013N",20672,2023-07-28,33.06,2023-10-18,28.34,"First Quantile"
"133","WD Blue SN580 500GB",28949,2023-09-30,39.99,2023-09-30,39.99,"First Quantile"
"134","SK hynix HFM512GD3JX013N",22190,2021-03-31,33.06,2021-03-31,33.06,"First Quantile"
"135","NVMe PC SN810 NVMe WDC 512GB",35383,2021-12-31,55.99,2021-12-31,55.99,"Second Quantile"
"136","Micron MTFDHBA512TCK",17194,2021-05-13,99.99,2023-09-22,31.49,"Second Quantile"
"137","NVMe WD Blue SN570 500GB",24468,2023-05-26,49.99,2023-09-07,43.04,"First Quantile"
"138","Micron 2200S NVMe 512GB",16815,2023-07-17,34.01,2023-10-18,27.39,"First Quantile"
"139","Predator GM7000 512GB",32819,2022-03-31,54.99,2022-03-31,54.99,"Second Quantile"
"140","HFM512GD3JX016N",21046,2023-09-17,37.79,2023-10-25,35.9,"First Quantile"
"141","Crucial P3 Plus 500GB",20875,2023-05-17,35.99,2023-07-17,39.99,"First Quantile"
"142","WD Blue SN570 500GB",22680,2021-12-31,42.99,2021-12-31,42.99,"First Quantile"
"143","Patriot M.2 P400 512GB",28050,2023-07-17,49.88,2023-10-14,59.99,"First Quantile"
"144","KBG40ZNV512G KIOXIA",14023,2023-07-17,34.95,2023-10-17,31.49,"First Quantile"
"145","KXG60ZNV512G KIOXIA",18687,2023-08-11,47.24,2023-10-17,41.99,"First Quantile"
"146","MSI M450 500GB",24144,2023-05-17,29.99,2024-03-05,45.99,"First Quantile"
"147","NVMe PC SN740 NVMe WD 512GB",26726,2022-09-30,55.99,2022-09-30,55.99,"Second Quantile"
"148","WD Red SN700 500GB",23689,2023-07-18,122.99,2023-11-27,86.11,"Second Quantile"
"149","KINGSTON KC3000 512GB",36450,2023-07-17,105.99,2024-03-06,79.99,"Second Quantile"
"150","Micron 2210 MTFDHBA512QFD",11971,2021-09-07,143.75,2023-09-17,33.06,"Third Quantile"
"151","CT500T500SSD8",32414,2023-12-31,71.99,2023-12-31,71.99,"Second Quantile"
"152","HP SSD EX900 500GB",12521,2019-06-21,63.99,2024-01-14,42.99,"Third Quantile"
"153","MSI M371 500GB",14304,2022-12-31,32.99,2022-12-31,32.99,"First Quantile"
"154","NVMe PM9B1 NVMe Samsung 512GB",20629,2022-12-31,49.99,2022-12-31,49.99,"First Quantile"
"155","Viper M.2 VPN110 512GB",22254,2023-07-17,51.96,2023-11-12,54.83,"First Quantile"
"156","SSDPEMKF512G8 NVMe INTEL 512GB",14382,2019-09-30,35,2019-09-30,35,"Second Quantile"
"157","WDC WDS480G2G0C",16431,2021-06-30,39.99,2021-06-30,39.99,"First Quantile"
"158","NVMe PC SN730 NVMe WDC 512GB",19932,2021-03-31,49.99,2021-03-31,49.99,"Second Quantile"
"159","Samsung SSD 980 PRO 500GB",35184,2020-10-17,149.99,2023-08-01,79.99,"Third Quantile"
"160","NVMe PNY CS3030 500GB",15870,2019-09-30,40.49,2019-09-30,40.49,"Second Quantile"
"161","ADATA SX8200PNP",20700,2019-09-30,44.99,2019-09-30,44.99,"Second Quantile"
"162","Acer SSD FA100 512GB",18095,2023-07-17,27.99,2024-04-22,45.99,"First Quantile"
"163","Patriot M.2 P310 480GB",17113,2022-12-31,29.99,2023-11-23,41.99,"First Quantile"
"164","Crucial P5 Plus 500GB",33940,2021-11-17,138,2024-02-29,103.99,"Third Quantile"
"165","NVMe WDC WDS500G2B0C",17709,2023-05-17,59.85,2023-11-24,68.99,"First Quantile"
"166","INTEL SSDPEKNW512G8H",10234,2023-07-17,39.68,2023-10-18,28.34,"First Quantile"
"167","Force MP600",30453,2020-09-30,62.99,2020-09-30,62.99,"Third Quantile"
"168","Seagate FireCuda",32332,2021-06-30,45,2021-06-30,45,"Second Quantile"
"169","NVMe Sabrent Rocket 4",26765,2020-03-31,64.99,2020-03-31,64.99,"Third Quantile"
"170","EMTEC X300 512GB",17922,2020-12-31,54.99,2020-12-31,54.99,"Third Quantile"
"171","WD Blue SN580 1TB",33463,2023-09-30,49.99,2023-09-30,49.99,"First Quantile"
"172","Predator SSD GM7000 1TB",42017,2022-12-08,104.99,2024-02-29,77.99,"Second Quantile"
"173","MSI M460 1TB",36887,2023-03-31,74.99,2023-03-31,74.99,"Second Quantile"
"174","WDC PC SN810 SDCPNRY 1TB",41636,2021-12-31,85,2021-12-31,85,"Second Quantile"
"175","ADATA LEGEND 740",21576,2022-06-30,44.99,2022-06-30,44.99,"First Quantile"
"176","CT1000T500SSD8",40364,2023-12-31,84.99,2023-12-31,84.99,"Second Quantile"
"177","CT1000T705SSD3",72236,2024-03-31,154.99,2024-03-31,154.99,"Second Quantile"
"178","KXG60ZNV1T02 KIOXIA",20671,2020-03-31,48.18,2020-03-31,48.18,"Second Quantile"
"179","WD Green SN350 1TB",24296,2021-12-31,59,2021-12-31,59,"Second Quantile"
"180","Crucial T700 1TB Gen5 M.2",62418,2023-07-02,179.99,2024-04-29,181.99,"Third Quantile"
"181","Corsair MP600 PRO LPX",48415,2022-06-30,99.99,2022-06-30,99.99,"Second Quantile"
"182","ADATA LEGEND 850 LITE",30943,2023-09-30,68.99,2023-09-30,68.99,"Second Quantile"
"183","Micron MTFDHBA1T0TCK",16733,2021-09-07,306.3,2023-10-16,47.24,"Third Quantile"
"184","BC711 NVMe SK hynix 1TB",21740,2023-09-17,70.86,2023-12-26,57.74,"Second Quantile"
"185","Corsair MP600 PRO XT 1TB",41284,2023-05-17,89.99,2024-03-12,109.99,"Second Quantile"
"186","SABRENT 1TB Rocket 4 Plus",50889,2023-08-01,119.99,2024-02-09,119.99,"Second Quantile"
"187","Crucial T700 1TB Gen5 with heatsink",60220,2023-09-30,167.99,2023-09-30,167.99,"Third Quantile"
"188","PNY CS2140 1TB SSD",22381,2022-09-13,89.99,2023-01-19,62.99,"Second Quantile"
"189","Predator SSD GM3500 1TB",17584,2023-01-05,79.99,2024-03-21,49.99,"Second Quantile"
"190","MSI M450 1TB",26343,2023-05-17,59.99,2024-03-31,72.99,"Second Quantile"
"191","NVMe PNY CS3140 1TB SSD",32309,2023-07-11,87.99,2024-04-03,237.99,"Second Quantile"
"192","KBG40ZNV1T02 KIOXIA",16077,2023-09-17,51.96,2023-11-02,47.24,"First Quantile"
"193","CT1000P3SSD8",21340,2022-09-30,68.99,2022-09-30,68.99,"Second Quantile"
"194","NVMe Sabrent Rocket Q",22394,2020-09-30,49.99,2020-09-30,49.99,"Second Quantile"
"195","Seagate FireCuda 530 1TB",44457,2023-11-03,98.75,2024-04-08,159.99,"Second Quantile"
"196","Micron MTFDHBA1T0QFD",15663,2023-09-18,56.69,2023-12-25,52.49,"First Quantile"
"197","Viper M.2 VP4100",29602,2020-04-16,219.99,2023-06-19,278.31,"Third Quantile"
"198","MSI M470 1TB",32287,2023-05-17,103.38,2024-03-01,109.99,"Second Quantile"
"199","WD Blue SN570 1TB",25613,2021-12-31,89.99,2021-12-31,89.99,"Second Quantile"
"200","Predator SSD GM7000 2TB",49530,2023-05-17,129.99,2024-03-01,138.7,"Third Quantile"
"201","GIGABYTE AG4732TB",53440,2023-12-31,159.98,2023-12-31,159.98,"Third Quantile"
"202","PNY CS3140 2TB SSD",46213,2021-06-30,139.99,2021-06-30,139.99,"Third Quantile"
"203","MSI M482 2TB",48072,2024-03-31,149.99,2024-03-31,149.99,"Second Quantile"
"204","MSI M480 2TB",45390,2022-01-31,382.99,2024-05-02,183.34,"Third Quantile"
"205","CT2000T500SSD8",43313,2023-12-31,147.99,2023-12-31,147.99,"Third Quantile"
"206","WD Blue SN580 2TB",34437,2023-09-30,119.99,2023-09-30,119.99,"Second Quantile"
"207","MSI M570 2TB",67435,2023-07-17,349.99,2024-04-08,329.99,"Third Quantile"
"208","Samsung 980 PRO with Heatsink 2TB",41597,2021-12-31,149.99,2021-12-31,149.99,"Third Quantile"
"209","MSI M450 2TB",26329,2023-10-26,90.99,2024-02-29,94.99,"Second Quantile"
"210","ADATA LEGEND 850",28994,2023-05-17,169.77,2024-02-29,139.99,"Third Quantile"
"211","NVMe WD BLACK SN770 2TB",37446,2022-12-31,148,2022-12-31,148,"Third Quantile"
"212","PNY CS2140 2TB SSD",24550,2022-12-07,134.99,2024-02-29,99.99,"Second Quantile"
"213","KINGSTON KC3000 2TB",49036,2021-12-31,199.99,2021-12-31,199.99,"Third Quantile"
"214","CT2000T500SSD5",38671,2024-03-31,160.99,2024-03-31,160.99,"Second Quantile"
"215","NVMe WD Blue SN570 2TB",28754,2022-12-31,119.99,2022-12-31,119.99,"Second Quantile"
"216","Kingston KC3000 M.2 SSD",46816,2023-05-17,388.99,2024-02-29,199.99,"Third Quantile"
"217","NVMe PNY CS3140 2TB SSD",50813,2023-07-07,139.99,2024-03-01,219.99,"Third Quantile"
"218","MSI M470 2TB",34600,2021-12-31,149.99,2021-12-31,149.99,"Third Quantile"
"219","WD BLACK SN770 2TB",36535,2022-03-31,158.6,2022-03-31,158.6,"Third Quantile"
"220","KINGSTON FURY Renegade 2TB",50981,2022-07-31,284.99,2024-03-01,246.99,"Third Quantile"
"221","Samsung SSD 980 PRO 2TB",42367,2021-03-02,429.99,2023-12-12,199,"Third Quantile"
"222","WDC SN810 NVMe 2TB",39570,2021-12-31,189,2021-12-31,189,"Third Quantile"
"223","CT2000P3SSD8",22593,2022-09-30,114.99,2022-09-30,114.99,"Second Quantile"
"224","CT2000P5PSSD8",39720,2022-04-01,573.14,2024-02-02,195.99,"Third Quantile"
"225","NVMe WD Green SN350 2TB",26487,2023-11-13,139.99,2024-02-29,139.99,"Third Quantile"
"226","WD Green SN350 2TB",26069,2022-06-30,139.99,2022-06-30,139.99,"Third Quantile"
"227","WDC WD20EURS",18435,2011-07-15,99.99,2023-11-13,98,"Second Quantile"
"228","Corsair MP700",63359,2023-08-06,441.15,2024-02-23,269.99,"Third Quantile"
"229","SSD M.2 NVME 2TB",23133,2023-06-30,127.99,2023-06-30,127.99,"Third Quantile"
"230","PNY CS3040 2TB SSD",32434,2021-11-02,429.99,2023-11-24,179.99,"Third Quantile"
"231","Corsair MP600 CORE",31731,2021-06-30,139.99,2021-06-30,139.99,"Third Quantile"
"232","PNY CS2241 2TB SSD",22427,2023-10-03,99.99,2024-02-29,129.99,"Second Quantile"
"233","Samsung SSD 990 EVO 2TB",30931,2024-03-13,209.95,2024-04-23,209.99,"Third Quantile"
"234","Lexar 2TB SSD",30379,2023-05-26,246.56,2024-03-19,179.99,"Third Quantile"
"235","Corsair MP600 GS",33975,2023-03-31,198.99,2023-03-31,198.99,"Third Quantile"
"236","MSI M461 2TB",29083,2023-08-06,129.99,2024-03-20,175.99,"Third Quantile"
"237","Predator SSD GM7000 4TB",46748,2023-03-31,274.99,2023-03-31,274.99,"Third Quantile"
"238","KINGSTON FURY Renegade 4TB",52499,2022-07-22,988.99,2024-04-14,389.99,"Third Quantile"
"239","Samsung SSD 990 PRO 4TB",52971,2023-12-31,339.99,2023-12-31,339.99,"Third Quantile"
"240","FANTOM DRIVES VENOM8",48878,2023-05-17,359.99,2024-03-21,399.95,"Third Quantile"
"241","Crucial T700 4TB Gen5 with heatsink",66889,2023-09-30,499.99,2023-09-30,499.99,"Third Quantile"
"242","Crucial T700 4TB Gen5",73682,2023-07-30,599.99,2024-04-22,483.96,"Third Quantile"
"243","PNY CS2241 4TB SSD",31574,2023-06-30,259.99,2023-06-30,259.99,"Third Quantile"
"244","WDC WD40EFAX",14364,2023-06-07,124.99,2024-03-02,124.99,"Second Quantile"
"245","CT4000P3PSSD8",29312,2023-06-07,263.99,2024-03-15,299.99,"Third Quantile"
"246","CT4000T705SSD3",85279,2024-03-31,713.99,2024-03-31,713.99,"Third Quantile"
"247","Transcend TS4TMTE250S",48165,2023-06-30,466.99,2023-06-30,466.99,"Third Quantile"
"248","PNY CS3140 4TB SSD",48909,2023-08-11,379.99,2024-04-22,487.99,"Third Quantile"
"249","Seagate ST8000DX001",26489,2023-06-07,167.65,2023-08-11,320.35,"Third Quantile"
"250","MSI M461 4TB",27271,2023-07-26,229.99,2024-03-31,271.99,"Third Quantile"
"251","CT4000P3SSD8",21882,2022-12-31,225.46,2022-12-31,225.46,"Third Quantile"
"252","WDC WD40EZRZ",7055,2015-12-31,84,2015-12-31,84,"Second Quantile"
"253","KINGSTON KC3000 4TB",45279,2022-03-31,550.25,2022-03-31,550.25,"Third Quantile"
"254","Seagate ST4000VN008",7937,2022-09-27,107.54,2024-03-10,220,"Second Quantile"
"255","Seagate ST4000DM005",7727,2018-12-22,99.99,2023-01-13,153.32,"Second Quantile"
"256","Oyen Digital PCIe SSD",48809,2023-09-30,869,2023-09-30,869,"Third Quantile"
"257","Sabrent",23757,2021-05-26,799.99,2024-05-04,519.99,"Third Quantile"
"258","INTEL SSDPE2KX040T8",18736,2019-06-30,407.84,2019-06-30,407.84,"Third Quantile"
"259","Seagate ST4000VX007",4568,2017-06-30,101.99,2017-06-30,101.99,"Third Quantile"
"260","Seagate ST3000DM008",3341,2018-12-22,117.32,2022-12-30,265.99,"Third Quantile"
"261","WDC WD6003FZBX",6647,2018-12-31,175.9,2018-12-31,175.9,"Third Quantile"
"262","Seagate ST4000DM004",4857,2018-12-22,127.76,2023-09-17,99,"Third Quantile"
"263","Seagate ST8000DM004",4117,2022-09-24,182.79,2024-04-07,162.99,"Third Quantile"
"264","Seagate ST33000650NS",1006,2013-06-12,289.99,2024-03-27,30,"Third Quantile"
"265","PNY CS3040 4TB SSD",24852,2022-09-30,749.99,2022-09-30,749.99,"Third Quantile"
"266","WDC WD40EZRX",5298,2014-12-11,139.99,2024-02-26,112.44,"Third Quantile"
"267","PNY CS2130 4TB SSD",19972,2023-05-17,595.74,2023-09-09,580.55,"Third Quantile"
"268","SanDisk SDSSDH3 4T00",19071,2024-01-11,250.99,2024-04-10,259.99,"Third Quantile"
"269","Seagate ST3000DM001",1765,2011-12-25,239.99,2022-12-20,69,"Third Quantile"
"270","Seagate ST3000NM0033",1167,2018-12-20,139.95,2019-02-16,229.7,"Third Quantile"
"271","TOSHIBA DT01ACA300",1146,2014-12-20,99.99,2023-06-19,63,"Second Quantile"
"272","Hitachi HUA723030ALA640",915,2017-07-09,157.95,2021-05-14,46.98,"Third Quantile"
"273","Samsung SSD 870 EVO 4TB",8405,2021-12-21,778.99,2024-01-25,338.98,"Third Quantile"
"274","WDC WD40PURX",1063,2015-11-12,156.99,2024-05-03,54,"Third Quantile"
"275","CT4000MX500SSD1",4172,2023-03-31,219,2023-03-31,219,"Third Quantile"
"276","Seagate ST4000NM0033",1235,2016-12-31,67,2016-12-31,67,"Second Quantile"
"277","WDC WD4005FZBX",1422,2022-05-02,129.99,2022-09-21,112.49,"Second Quantile"
"278","TOSHIBA MD04ACA400",1232,2016-02-27,199.99,2019-01-10,121.27,"Third Quantile"
"279","Seagate ST4000DM000",1364,2020-03-31,59.99,2020-03-31,59.99,"Third Quantile"
"280","WDC WD30EZRX",4081,2018-12-31,51,2018-12-31,51,"First Quantile"
"281","WDC WD40EZAZ",1127,2021-12-31,66.99,2021-12-31,66.99,"Second Quantile"
"282","WDC WUS721010ALE6L4",1634,2023-03-31,100,2023-03-31,100,"Second Quantile"
